				
source form		lf label		target form
attentat		Oper_1		commettre
attentat		Oper_1		perpétrer
basket		Oper_1		faire
basket		Oper_1		jouer
blague		Oper_1		dire
blague		Oper_1		faire
bonheur		Oper_1		goûter
boxe		Oper_1		faire
chantage		Oper_1		faire
chantage		Oper_1		exercer
chantage		Oper_1		livrer
chantage		Oper_1		recourir
chantage		Oper_1		user
chantage		Oper_1		pratiquer
cheveu		Oper_1		porter
cheveu		Oper_1		avoir
concert		Oper_1		donner
concert		Oper_1		produire
couple		Oper_1		former
crime		Oper_1		accomplir
crime		Oper_1		commettre
crime		Oper_1		perpétrer
cuisine		Oper_1		faire
danger		Oper_1		courir
demi-tour		Oper_1		faire
discours		Oper_1		prononcer
discours		Oper_1		faire
douche		Oper_1		être
douche		Oper_1		passer
douche		Oper_1		prendre
éclair		Oper_1		cracher
famille		Oper_1		appartenir
famille		Oper_1		faire partie
football		Oper_1		faire
football		Oper_1		jouer
gymnastique		Oper_1		faire
hold-up		Oper_1		accomplir
hold-up		Oper_1		commettre
hold-up		Oper_1		exécuter
hold-up		Oper_1		faire
hold-up		Oper_1		perpétrer
hold-up		Oper_1		réaliser
jogging		Oper_1		faire
judo		Oper_1		faire
karaté		Oper_1		faire
karaté		Oper_1		combattre
maladie		Oper_1		avoir
messe		Oper_1		célébrer
messe		Oper_1		dire
messe		Oper_1		officier
musique		Oper_1		faire
nation		Oper_1		appartenir
nation		Oper_1		faire partie
ouf		Oper_1		pousser
pâte		Oper_1		faire
ping-pong		Oper_1		faire
ping-pong		Oper_1		jouer
politique		Oper_1		appliquer
politique		Oper_1		conduire
politique		Oper_1		mener
politique		Oper_1		poursuivre
politique		Oper_1		pratiquer
pouvoir		Oper_1		avoir
pouvoir		Oper_1		exercer
pouvoir		Oper_1		posséder
pouvoir		Oper_1		tenir
question		Oper_1		poser
risque		Oper_1		courir
rouge		Oper_1		passer
rouge		Oper_1		virer
rugby		Oper_1		faire
rugby		Oper_1		jouer
spectacle		Oper_1		donner
sport		Oper_1		faire
téléphone		Oper_1		avoir
tempête		Oper_1		être
tempête		Oper_1		essuyer
tempête		Oper_1		subir
tempête		Oper_1		pris
tempête		Oper_1		surpris
tennis		Oper_1		faire
tennis		Oper_1		jouer
toilette		Oper_1		être
toilette		Oper_1		faire
toilette		Oper_1		procéder
toilette		Oper_1		réaliser
toilette		Oper_1		livrer
tornade		Oper_1		connaître
tornade		Oper_1		essuyer
tornade		Oper_1		subir
tournée		Oper_1		faire
tournée		Oper_1		effectuer
volley-ball		Oper_1		faire
volley-ball		Oper_1		jouer
voyage		Oper_1		faire
voyage		Oper_1		effectuer
musique		Oper_1		jouer
famille		Oper_1		appartenir
famille		Oper_1		faire partie
bien		Oper_1		éprouver
bien		Oper_1		ressentir
éloge		Oper_1		prononcer
éloge		Oper_1		faire
cinéma		Oper_1		faire
majorité		Oper_1		appartenir
majorité		Oper_1		faire partie
poisson		Oper_1		être
colle		Oper_1		poser
exclamation		Oper_1		pousser
coup de soleil		Oper_1		avoir
vaisselle		Oper_1		faire
volte-face		Oper_1		faire
volte-face		Oper_1		faire
cri		Oper_1		faire
cri		Oper_1		pousser
cri		Oper_1		lancer
cri		Oper_1		jeter
cri		Oper_1		émettre
cri		Oper_1		lâcher
crime		Oper_1		accomplir
crime		Oper_1		commettre
crime		Oper_1		perpétrer
crime		Oper_1		exécuter
tête-à-queue		Oper_1		faire
rivière		Oper_1		former
brosse		Oper_1		avoir
bœuf		Oper_1		faire
taureau		Oper_1		être
cheval		Oper_1		faire
casserole		Oper_1		avoir
causette		Oper_1		faire
course		Oper_1		faire
course		Oper_1		participer
culture		Oper_1		faire
siège		Oper_1		faire
vélo		Oper_1		faire
foot		Oper_1		foot
cheveu		Oper_1		avoir
cheveu		Oper_1		porter
cor		Oper_1		jouer
train		Oper_1		former
train		Oper_1		mener
distinction		Oper_1		avoir
don		Oper_1		faire
coup		Oper_1		donner
tête dure		Oper_1		avoir
visite		Oper_1		faire
visite		Oper_1		rendre
compte		Oper_1		faire
insulte		Oper_1		adresser
insulte		Oper_1		proférer
injure		Oper_1		adresser
injure		Oper_1		dire
injure		Oper_1		proférer
injure		Oper_1		lancer
mesure		Oper_1		effectuer
ronflement		Oper_1		émettre
corps		Oper_1		appartenir
corps		Oper_1		faire partie
corps		Oper_1		relever
visage		Oper_1		arborer
visage		Oper_1		avoir
visage		Oper_1		montrer
visage		Oper_1		offrir
visage		Oper_1		présenter
corps		Oper_1		avoir
corps		Oper_1		posséder
visage		Oper_1		montrer
visage		Oper_1		présenter
visage		Oper_1		arborer
visage		Oper_1		exhiber
visage		Oper_1		afficher
déplacement		Oper_1		effectuer
déplacement		Oper_1		faire
veste		Oper_1		prendre
veste		Oper_1		prendre
veste		Oper_1		ramasser
veste		Oper_1		ramasser
veste		Oper_1		essuyer
veste		Oper_1		subir
marche		Oper_1		faire
mains propres		Oper_1		avoir
numéro		Oper_1		exécuter
numéro		Oper_1		faire
veste		Oper_1		prendre
veste		Oper_1		prendre
veste		Oper_1		ramasser
veste		Oper_1		ramasser
veste		Oper_1		manger
hold-up		Oper_1		accomplir
hold-up		Oper_1		commettre
hold-up		Oper_1		faire
hold-up		Oper_1		réaliser
autoroute		Oper_1		faire
route		Oper_1		faire
cravate		Oper_1		faire
cravate		Oper_1		donner
lessive		Oper_1		faire
lessive		Oper_1		faire
la tête près du bonnet		Oper_1		avoir
chantage		Oper_1		faire
chantage		Oper_1		exercer
chantage		Oper_1		livrer
chantage		Oper_1		recourir
chantage		Oper_1		user
chantage		Oper_1		pratiquer
famille		Oper_1		appartenir
famille		Oper_1		faire partie
famille		Oper_1		appartenir
famille		Oper_1		faire partie
famille		Oper_1		appartenir
famille		Oper_1		faire partie
famille		Oper_1		appartenir
famille		Oper_1		faire partie
téléphone		Oper_1		avoir
sport		Oper_1		faire
gymnastique		Oper_1		faire
ski		Oper_1		faire
oreille absolue		Oper_1		avoir
jogging		Oper_1		faire
jogging		Oper_1		faire
promenade		Oper_1		faire
toilette		Oper_1		faire
toilette		Oper_1		procéder
marche nordique		Oper_1		faire
marche arrière		Oper_1		faire
coup dans le nez		Oper_1		avoir
coup d’État		Oper_1		commettre
coup d’État		Oper_1		faire
coup d’État		Oper_1		perpétrer
coup de fourchette		Oper_1		avoir
coup de collier		Oper_1		donner
coup		Oper_1		faire
coup		Oper_1		jouer
coup de cœur		Oper_1		avoir
coup de maître		Oper_1		faire
coup de pied dans la fourmilière		Oper_1		donner
coup de froid		Oper_1		avoir
coup de chaleur		Oper_1		avoir
coup double		Oper_1		faire
route		Oper_1		faire
route		Oper_1		suivre
route		Oper_1		poursuivre
route		Oper_1		marcher
route		Oper_1		avancer
route		Oper_1		progresser
route		Oper_1		suivre
coup d’œil		Oper_1		avoir
fausse route		Oper_1		faire
coup par coup		Oper_1		faire
lapin		Oper_1		poser
marche		Oper_1		comporter
marche		Oper_1		composer
auto-stop		Oper_1		faire
avion		Oper_1		faire
voiture		Oper_1		faire
coup de filet		Oper_1		mener
bicyclette		Oper_1		faire
coup de frein		Oper_1		donner
coup de projecteur		Oper_1		jeter
coup de pied aux fesses		Oper_1		donner
le feu aux fesses		Oper_1		avoir
fourmis dans les jambes		Oper_1		avoir
couple		Oper_1		former
couple		Oper_1		former
gymnastique		Oper_1		faire
gymnastique		Oper_1		faire
placard		Oper_1		être
les jambes molles		Oper_1		avoir
rond de jambe		Oper_1		faire
politique		Oper_1		avoir
fond		Oper_1		avoir
tricycle		Oper_1		faire
couleur		Oper_1		avoir
couleur		Oper_1		avoir
bol		Oper_1		prendre
placard		Oper_1		être
placard		Oper_1		faire
pluie		Oper_1		tomber
pluie		Oper_1		retomber
sale boulot		Oper_1		faire
vent		Oper_1		avoir
vent		Oper_1		faire
vent		Oper_1		lâcher
train de vie		Oper_1		avoir
train de vie		Oper_1		mener
bouteille à la mer		Oper_1		jeter
bouteille à la mer		Oper_1		lancer
bouteille à la mer		Oper_1		mettre
mains sales		Oper_1		avoir
les jambes mortes		Oper_1		avoir
éclair		Oper_1		jeter
éclair		Oper_1		lancer
éclair		Oper_1		projeter
éclair		Oper_1		lancer
éclair		Oper_1		jeter
balai dans le cul		Oper_1		avoir
ventre		Oper_1		avoir
le couteau sous la gorge		Oper_1		avoir
chat dans la gorge		Oper_1		avoir
désert		Oper_1		traverser
désert		Oper_1		vivre
désert		Oper_1		connaître
désert		Oper_1		affronter
gros dos		Oper_1		faire
coup		Oper_1		faire
coup de reins		Oper_1		donner
désert		Oper_1		traverser
désert		Oper_1		parcourir
désert		Oper_1		enfoncer
bol d’air		Oper_1		prendre
petit vélo dans la tête		Oper_1		avoir
mal		Oper_1		être
dent		Oper_1		avoir
dent dure		Oper_1		avoir
dents longues		Oper_1		avoir
fleuve		Oper_1		former
chant		Oper_1		faire
repas		Oper_1		faire
repas		Oper_1		manger
repas		Oper_1		prendre
repas		Oper_1		prendre
repas		Oper_1		faire
repas		Oper_1		organiser
acte de présence		Oper_1		faire
péril		Oper_1		courir
course		Oper_1		faire
course		Oper_1		participer
table ouverte		Oper_1		tenir
cours		Oper_1		assurer
cours		Oper_1		dispenser
cours		Oper_1		donner
cours		Oper_1		faire
sprint		Oper_1		faire
sprint		Oper_1		faire
sprint		Oper_1		piquer
sprint		Oper_1		pousser
tête		Oper_1		occuper
tête		Oper_1		être
tête		Oper_1		figurer
récital		Oper_1		donner
goûter		Oper_1		prendre
moto		Oper_1		faire
bras long		Oper_1		avoir
longueur		Oper_1		faire
poids		Oper_1		avoir
cheval		Oper_1		faire
bicross		Oper_1		faire
BMX		Oper_1		faire
vélo tout chemin		Oper_1		faire
VTC		Oper_1		faire
vélo tout terrain		Oper_1		faire
VTT		Oper_1		faire
tandem		Oper_1		faire
coudées franches		Oper_1		avoir
les pieds sous la table		Oper_1		mettre
honnêteté		Oper_1		avoir
sommeil		Oper_1		avoir
roupillon		Oper_1		faire
visite médicale		Oper_1		avoir
visite médicale		Oper_1		effectuer
visite médicale		Oper_1		passer
visite médicale		Oper_1		soumettre
visite médicale		Oper_1		subir
visite		Oper_1		effectuer
manche		Oper_1		actionner
manche		Oper_1		utiliser
la tête ailleurs		Oper_1		avoir
voile		Oper_1		mettre
voile		Oper_1		jeter
vélo d’appartement		Oper_1		faire
cadavre		Oper_1		être
vacherie		Oper_1		faire
ciné		Oper_1		faire
maladie		Oper_1		avoir
maladie		Oper_1		avoir
badminton		Oper_1		faire
badminton		Oper_1		jouer
bagarreur		Oper_1		bagarrer
bagarreuse		Oper_1		bagarrer
maladie		Oper_1		avoir
maladie		Oper_1		avoir
dentition		Oper_1		faire
tête-à-queue		Oper_1		faire
tête-à-queue		Oper_1		faire
étude		Oper_1		faire
table rase		Oper_1		faire
fausse route		Oper_1		faire
coup de feu		Oper_1		tirer
coup de sang		Oper_1		avoir
vélo elliptique		Oper_1		faire
rapport		Oper_1		établir
rapport		Oper_1		faire
service		Oper_1		rendre
priorité		Oper_1		avoir
messe de minuit		Oper_1		célébrer
messe de minuit		Oper_1		dire
office		Oper_1		célébrer
tasse		Oper_1		boire
honneurs de la presse		Oper_1		avoir
honneurs de la presse		Oper_1		recevoir
main verte		Oper_1		avoir
devinette		Oper_1		poser
mélancolie		Oper_1		souffrir
mélancolie		Oper_1		éprouver
mélancolie		Oper_1		ressentir
mélancolie		Oper_1		causer
mélancolie		Oper_1		inspirer
mélancolie		Oper_1		susciter
bâtons dans les roues		Oper_1		mettre
bâtons dans les roues		Oper_1		jeter
bâtons dans les roues		Oper_1		foutre
coup d’œil		Oper_1		jeter
coup d’œil		Oper_1		lancer
coup de pied		Oper_1		donner
sermon		Oper_1		prononcer
sermon		Oper_1		faire
nausée		Oper_1		avoir
nausée		Oper_1		éprouver
nausée		Oper_1		ressentir
putsch		Oper_1		commettre
putsch		Oper_1		faire
putsch		Oper_1		perpétrer
violence		Oper_1		commettre
lumière		Oper_1		jeter
lumière		Oper_1		faire
excentricité		Oper_1		faire
excentricité		Oper_1		livrer
accident vasculaire cérébral		Oper_1		avoir
tour		Oper_1		jouer
beaux restes		Oper_1		avoir
beaux restes		Oper_1		avoir
beaux restes		Oper_1		avoir
atomes crochus		Oper_1		avoir
bougeotte		Oper_1		avoir
bon pied bon œil		Oper_1		avoir
deux poids et deux mesures		Oper_1		avoir
deux poids et deux mesures		Oper_1		faire
jeu de mots		Oper_1		faire
calembour		Oper_1		dire
calembour		Oper_1		faire
descente		Oper_1		avoir
le cul entre deux chaises		Oper_1		avoir
oui oui		Oper_1		faire
recul		Oper_1		prendre
méchanceté		Oper_1		faire
méchanceté		Oper_1		dire
vacherie		Oper_1		dire
vacherie		Oper_1		sortir
emprise		Oper_1		avoir
emprise		Oper_1		exercer
haro		Oper_1		mettre
saut		Oper_1		faire
bilan		Oper_1		effectuer
bilan		Oper_1		pratiquer
bilan		Oper_1		réaliser
bilan		Oper_1		établir
bilan		Oper_1		compléter
le pied au plancher		Oper_1		avoir
				
				
source form		lf label		target form
assis		Bon		bien
assis		Bon		confortablement
avocat		Bon		grand
avocat		Bon		renommé
avocat		Bon		éminent
avocat		Bon		ténor
chanter		Bon		comme un rossignol
cheveu		Bon		beau
cheveu		Bon		magnifique
chien		Bon		docile
chien		Bon		obéissant
chien		Bon		fidèle
conseil		Bon		d’ami
corps		Bon		beau
corps		Bon		superbe
corps		Bon		de rêve
corps		Bon		parfait
couleur		Bon		beau
couleur		Bon		joli
couleur		Bon		éclatant
couleur		Bon		magnifique
couple		Bon		beau
couple		Bon		joli
couple		Bon		idéal
couple		Bon		parfait
dormir		Bon		paisiblement
dormir		Bon		tranquillement
dormir		Bon		tranquille
douche		Bon		bon
douche		Bon		réparateur
étang		Bon		poissonneux
famille		Bon		bon
famille		Bon		honorable
famille		Bon		grand
famille		Bon		illustre
fesse		Bon		joli
fesse		Bon		beau
fesse		Bon		superbe
fesse		Bon		magnifique
forme		Bon		harmonieux
forme		Bon		épuré
forme		Bon		pur
goût		Bon		saveur
habit		Bon		beau
habit		Bon		élégant
jambe		Bon		bon
jambe		Bon		vigoureux
jambe		Bon		solide
jambe		Bon		de vingt ans
jambe		Bon		agile
jambe		Bon		joli
jambe		Bon		galbé
jambe		Bon		bien fait
jambe		Bon		beau
journaliste		Bon		grand
journaliste		Bon		vedette
journaliste		Bon		chevronné
journaliste		Bon		expérimenté
lac		Bon		clair
lac		Bon		pur
lac		Bon		limpide
lac		Bon		bleu
lac		Bon		azuré
lac		Bon		calme
linge		Bon		repasser
manger		Bon		déguster
manger		Bon		savourer
mouchoir		Bon		propre
nappe		Bon		propre
payer		Bon		rubis sur l’ongle
personnel		Bon		compétent
pluie		Bon		bienfaisant
politique		Bon		bon
politique		Bon		courageux
repas		Bon		mangeable
repas		Bon		bon
repas		Bon		délicieux
repas		Bon		succulent
serviette		Bon		chaud
serviette		Bon		propre
serviette		Bon		sec
sommeil		Bon		bon
sommeil		Bon		du juste
sommeil		Bon		innocent
sommeil		Bon		paisible
tapis		Bon		moelleux
tapis		Bon		épais
tête		Bon		beau
toilette		Bon		appliqué
toilette		Bon		méticuleux
toilette		Bon		minutieux
toilette		Bon		soigné
vin		Bon		bon
vin		Bon		rond
visage		Bon		joli
visage		Bon		agréable
visage		Bon		beau
visage		Bon		magnifique
visage		Bon		d’ange
visage		Bon		angélique
yaourt		Bon		crémeux
yaourt		Bon		onctueux
musique		Bon		mélodieux
habit		Bon		beau
habit		Bon		élégant
divorce		Bon		propre
divorce		Bon		à l’amiable
divorce		Bon		consentement mutuel
divorce		Bon		sur demande conjointe
divorce		Bon		propre
divorce		Bon		à l’amiable
divorce		Bon		consentement mutuel
thèse		Bon		bon
thèse		Bon		brillant
robe		Bon		beau
robe		Bon		beau
marcher		Bon		fort
marcher		Bon		à plein pot
marcher		Bon		à plein régime
marcher		Bon		du tonnerre de Dieu
marcher		Bon		du feu de Dieu
nager		Bon		bien
nager		Bon		comme un poisson
adaptateur		Bon		universel
chanteur		Bon		bon
chanteur		Bon		grand
chanteuse		Bon		bon
chanteuse		Bon		grand
commentateur		Bon		fin
commentatrice		Bon		fin
avocate		Bon		grand
avocate		Bon		renommé
avocate		Bon		éminent
attitude		Bon		gracieux
lever		Bon		du bon pied
costume		Bon		sur mesure
toilette		Bon		beau
toilette		Bon		élégant
toilette		Bon		joli
toilette		Bon		pimpant
toilette		Bon		raffiné
toilette		Bon		ravissant
toilette		Bon		soigné
date		Bon		grand
poitrine		Bon		beau
poitrine		Bon		magnifique
poitrine		Bon		superbe
gorge		Bon		beau
gorge		Bon		éblouissant
jambe		Bon		bon
jambe		Bon		vigoureux
jambe		Bon		solide
muscle		Bon		dessiné
oreille		Bon		attentif
entendre		Bon		comme larrons en foire
journaliste		Bon		grand
journaliste		Bon		vedette
journaliste		Bon		chevronné
journaliste		Bon		expérimenté
musicien		Bon		bon
musicien		Bon		talentueux
musicien		Bon		excellent
musicien		Bon		hors pair
musicien		Bon		accompli
musicien		Bon		grand
musicien		Bon		virtuose
musicienne		Bon		bon
musicienne		Bon		talentueux
musicienne		Bon		excellent
musicienne		Bon		hors pair
musicienne		Bon		accompli
musicienne		Bon		grand
musicienne		Bon		virtuose
observateur		Bon		fin
observatrice		Bon		fin
corps		Bon		d’élite
chiffre		Bon		bon
forme		Bon		gracieux
forme		Bon		épanoui
aller		Bon		bien
aller		Bon		à ravir
laver		Bon		plus blanc que blanc
oreille		Bon		bon
oreille		Bon		oreille absolue
oreille		Bon		exercé
meuble		Bon		élégant
meuble		Bon		beau
couple		Bon		heureux
fond		Bon		bon
en jambes		Bon		bien
tourner		Bon		rond
bouteille		Bon		bon
manger		Bon		modérément
manger		Bon		lentement
manger		Bon		bien
manger		Bon		équilibré
manger		Bon		sainement
lit		Bon		douillet
lit		Bon		moelleux
nez		Bon		délicat
pluie		Bon		bienfaisant
table		Bon		bon
table		Bon		excellent
table		Bon		savoureux
table		Bon		délicieux
couleur		Bon		bon
couleur		Bon		délicat
table		Bon		bon
table		Bon		excellent
table		Bon		convivial
table		Bon		sympathique
table		Bon		célèbre
table		Bon		en vue
table		Bon		renommé
table		Bon		réputé
prendre		Bon		bien
temps		Bon		beau
couple		Bon		charmant
couple		Bon		joli
mélomane		Bon		fin
mélomane		Bon		fin
produit		Bon		rentable
produit		Bon		vache à lait
personnel		Bon		compétent
visite		Bon		intéressant
visite		Bon		passionnant
couteau		Bon		bon
dormir		Bon		bien
dormir		Bon		suffisamment
tourner		Bon		rond
sentir		Bon		bon
sens		Bon		bon
				
				
source form		lf label		target form
assiette		AntiBon		cassé
assiette		AntiBon		ébréché
assiette		AntiBon		fêlé
assis		AntiBon		mal
avocat		AntiBon		mauvais
avocat		AntiBon		piètre
avocat		AntiBon		avocaillon
banlieue		AntiBon		zone
bateau		AntiBon		mauvais
bateau		AntiBon		rafiot
bicyclette		AntiBon		clou
chanter		AntiBon		comme une casserole
chaussette		AntiBon		troué
chaussette		AntiBon		usé
chausson		AntiBon		usé
chaussure		AntiBon		usé
chaussure		AntiBon		éculé
chien		AntiBon		indiscipliné
chien		AntiBon		agressif
chien		AntiBon		hargneux
chien		AntiBon		teigneux
chien		AntiBon		enragé
colline		AntiBon		abrupt
corps		AntiBon		difforme
crier		AntiBon		braire
dent		AntiBon		carié
dent		AntiBon		pourri
dent		AntiBon		gâté
dent		AntiBon		vilain
dent		AntiBon		déchaussé
dent		AntiBon		ébréché
dent		AntiBon		cassé
dent		AntiBon		chicot
dent		AntiBon		creux
écrivain		AntiBon		pisseur de copie
effet		AntiBon		méfait
film		AntiBon		navet
fond		AntiBon		bas-fond
jambe		AntiBon		faible
jambe		AntiBon		mauvais
journaliste		AntiBon		mauvais
journaliste		AntiBon		folliculaire
journaliste		AntiBon		journaleux
journaliste		AntiBon		plumitif
journaliste		AntiBon		pisse-copie
journaliste		AntiBon		pisseur de copie
lac		AntiBon		sombre
lac		AntiBon		impur
lac		AntiBon		boueux
lac		AntiBon		fangeux
lac		AntiBon		noir
lac		AntiBon		opaque
lac		AntiBon		houleux
linge		AntiBon		froissé
lit		AntiBon		grabat
manteau		AntiBon		élimé
manteau		AntiBon		râpé
manteau		AntiBon		usé
médecin		AntiBon		mauvais
médecin		AntiBon		médicastre
mouchoir		AntiBon		sale
nappe		AntiBon		sale
nappe		AntiBon		taché
navire		AntiBon		mauvais
navire		AntiBon		rafiot
nuage		AntiBon		lourd
nuage		AntiBon		menaçant
parler		AntiBon		baragouiner
passager		AntiBon		clandestin
personnel		AntiBon		incompétent
pluie		AntiBon		dévastateur
politique		AntiBon		mauvais
politique		AntiBon		catastrophique
politique		AntiBon		désastreux
pull		AntiBon		troué
pull		AntiBon		usé
repas		AntiBon		immangeable
repas		AntiBon		indigeste
repas		AntiBon		gras
sens		AntiBon		contresens
serviette		AntiBon		humide
serviette		AntiBon		mouillé
serviette		AntiBon		sale
sommeil		AntiBon		agité
sommeil		AntiBon		détraqué
sommeil		AntiBon		mauvais
sommeil		AntiBon		perturbé
sommeil		AntiBon		troublé
sujet		AntiBon		chiffon rouge
tapis		AntiBon		élimé
tapis		AntiBon		râpé
tapis		AntiBon		pelé
vélo		AntiBon		clou
vent		AntiBon		âpre
vent		AntiBon		mauvais
vêtement		AntiBon		usé
vêtement		AntiBon		fripé
vêtement		AntiBon		râpé
vêtement		AntiBon		fripe
vêtement		AntiBon		guenille
vêtement		AntiBon		loque
vin		AntiBon		âpre
vin		AntiBon		gâté
vin		AntiBon		mauvais
vin		AntiBon		piqué
vin		AntiBon		piquette
vin		AntiBon		vinasse
vin		AntiBon		picrate
violon		AntiBon		crin-crin
forme		AntiBon		petit
forme		AntiBon		mauvais
divorce		AntiBon		pour faute
divorce		AntiBon		aux torts exclusifs
divorce		AntiBon		par assignation
divorce		AntiBon		aux torts partagés
thèse		AntiBon		mauvais
thèse		AntiBon		médiocre
nappe		AntiBon		contaminé
nappe		AntiBon		pollué
marcher		AntiBon		mal
marcher		AntiBon		au ralenti
nager		AntiBon		mal
élève		AntiBon		mauvais
élève		AntiBon		cancre
élève		AntiBon		mauvais
élève		AntiBon		cancre
avocate		AntiBon		mauvais
avocate		AntiBon		piètre
avocate		AntiBon		avocaillonne
attitude		AntiBon		gauche
lever		AntiBon		lever du pied gauche
toilette		AntiBon		négligé
tête		AntiBon		de _N de long
gueule		AntiBon		de _N de long
jambe		AntiBon		faible
jambe		AntiBon		mauvais
médecin		AntiBon		mauvais
médecin		AntiBon		médicastre
entendre		AntiBon		comme chien et chat
journaliste		AntiBon		mauvais
journaliste		AntiBon		folliculaire
journaliste		AntiBon		journaleuse
journaliste		AntiBon		pisse-copie
journaliste		AntiBon		pisseuse de copie
réponse		AntiBon		Normand
courriel		AntiBon		frauduleux
courriel		AntiBon		hameçonnage
courriel		AntiBon		spam
courriel		AntiBon		pourriel
moral		AntiBon		à zéro
moral		AntiBon		dans les chaussettes
forme		AntiBon		petit
forme		AntiBon		mauvais
chiffre		AntiBon		mauvais
forme		AntiBon		disgracieux
vêtement		AntiBon		usé
vêtement		AntiBon		fripé
vêtement		AntiBon		râpé
nuage		AntiBon		lourd
nuage		AntiBon		menaçant
écriture		AntiBon		pattes de mouche
aller		AntiBon		mal
triangle		AntiBon		infernal
chausson		AntiBon		usé
alcool		AntiBon		bibine
fond		AntiBon		vieux
couple		AntiBon		malheureux
fond		AntiBon		mauvais
fond		AntiBon		méchant
politique		AntiBon		politicard
homme politique		AntiBon		politicard
femme politique		AntiBon		politicarde
politicien		AntiBon		politicard
politicienne		AntiBon		politicarde
linge		AntiBon		souillé
rouge		AntiBon		gros
rouge		AntiBon		qui tache
bouteille		AntiBon		mauvais
manger		AntiBon		mal
manger		AntiBon		gras
pluie		AntiBon		dévastateur
prendre		AntiBon		mal
temps		AntiBon		mauvais
personnel		AntiBon		incompétent
couteau		AntiBon		mauvais
dormir		AntiBon		à la dure
dormir		AntiBon		mal
dormir		AntiBon		insuffisamment
finir		AntiBon		bâcler
crier		AntiBon		braire
bouche		AntiBon		pâteux
parler		AntiBon		comme une vache espagnole
parler		AntiBon		baragouiner
langage		AntiBon		baragouin
négocier		AntiBon		chipoter
langue		AntiBon		jargon
sentir		AntiBon		mauvais
mélange		AntiBon		mariage de la carpe et du lapin
recevoir		AntiBon		comme un chien dans un jeu de quilles
sens		AntiBon		mauvais
prêcher		AntiBon		prêcher un converti
			
source form		lf label		target form
ami		Magn		bon
ami		Magn		grand
ami		Magn		vrai
ami		Magn		meilleur
ami		Magn		intime
ami		Magn		proche
analogie		Magn		singulier
analogie		Magn		saisissant
analogie		Magn		évident
analogie		Magn		remarquable
averse		Magn		bon
averse		Magn		beau
averse		Magn		abondant
averse		Magn		gros
averse		Magn		copieux
averse		Magn		fort
averse		Magn		intense
averse		Magn		important
averse		Magn		puissant
averse		Magn		soutenu
averse		Magn		brutal
averse		Magn		violent
averse		Magn		méchant
averse		Magn		sacré
averse		Magn		énorme
averse		Magn		torrentiel
averse		Magn		déluge
bandit		Magn		de grand chemin
beau		Magn		à croquer
beau		Magn		à croquer
bête		Magn		à manger du foin
bière		Magn		fort
blesser		Magn		grièvement
blesser		Magn		gravement
bureau		Magn		de ministre
camion		Magn		gros
camion		Magn		lourd
chaleur		Magn		intense
chanter		Magn		fort
chanter		Magn		à tue-tête
chanter		Magn		à pleins poumons
chanter		Magn		à pleine voix
cheveu		Magn		beaucoup
cheveu		Magn		épais
cheveu		Magn		touffu
cheveu		Magn		masse
cigare		Magn		gros
cigare		Magn		énorme
cigare		Magn		gigantesque
cigare		Magn		monstrueux
cigare		Magn		barreau de chaise
couleur		Magn		ardent
couleur		Magn		brillant
couleur		Magn		vif
couleur		Magn		foncé
couleur		Magn		sombre
coûter		Magn		les yeux de la tête
crime		Magn		grave
crime		Magn		énorme
crime		Magn		abominable
crime		Magn		inqualifiable
crime		Magn		contre nature
crime		Magn		du siècle
degré		Magn		haut
délinquance		Magn		grand
délinquance		Magn		gros
demain		Magn		après-demain
dormir		Magn		à poings fermés
dormir		Magn		profondément
dormir		Magn		comme un loir
dormir		Magn		comme une marmotte
dormir		Magn		comme une bûche
dormir		Magn		comme une masse
dormir		Magn		comme une souche
dormir		Magn		comme un sonneur
dormir		Magn		comme un bébé
douzaine		Magn		bon
douzaine		Magn		gros
droit		Magn		comme un i
drôle		Magn		à se rouler par terre
éclair		Magn		vif
éclair		Magn		aveuglant
éclair		Magn		éblouissant
éclair		Magn		foudroyant
éclair		Magn		fulgurant
éclair		Magn		violent
éclair		Magn		terrible
éclair		Magn		grand
éclair		Magn		large
ennemi		Magn		juré
ennemi		Magn		pire
expérience		Magn		riche
fesse		Magn		rebondi
fesse		Magn		dodu
fesse		Magn		gros
fesse		Magn		gras
fesse		Magn		d’éléphant
fond		Magn		fin
franc		Magn		comme l’or
frisson		Magn		grand
grave		Magn		gravissime
grave		Magn		très
hier		Magn		avant-hier
incident		Magn		accident
indigestion		Magn		grave
ivre		Magn		complètement
ivre		Magn		mort
joli		Magn		à croquer
joli		Magn		beau
maigre		Magn		comme un clou
maigre		Magn		squelettique
mal		Magn		bien
mal		Magn		très
maladie		Magn		douloureux
maladie		Magn		grave
maladie		Magn		malin
maladie		Magn		incurable
maladie		Magn		inguérissable
maladie		Magn		mortel
maladie		Magn		foudroyant
mémoire		Magn		éléphant
millier		Magn		bon
moment		Magn		court
moyen		Magn		très
moyen		Magn		médiocre
muet		Magn		comme une tombe
neuf		Magn		flambant neuf
nez		Magn		gros
nombre		Magn		grand
nuage		Magn		dense
nuage		Magn		épais
obéir		Magn		au doigt et à l’œil
œil		Magn		de chat
orage		Magn		important
orage		Magn		beau
orage		Magn		gros
orage		Magn		violent
orage		Magn		furieux
orage		Magn		terrible
orage		Magn		épouvantable
orage		Magn		affreux
orage		Magn		effroyable
pas		Magn		du tout
pas		Magn		le moins du monde
pas		Magn		en aucune façon
pas		Magn		nullement
personnel		Magn		important
personnel		Magn		nombreux
peur		Magn		panique
peur		Magn		terreur
pluie		Magn		fort
pluie		Magn		gros
pluie		Magn		violent
pluie		Magn		battant
pluie		Magn		abondant
pluie		Magn		intense
pluie		Magn		brutal
pluie		Magn		grain
pluie		Magn		rincée
pluie		Magn		saucée
pluie		Magn		sauce
pluie		Magn		torrentiel
pluie		Magn		diluvien
pluie		Magn		trombe
pluie		Magn		cataracte
pluie		Magn		tempête
pluie		Magn		déluge
près		Magn		bien
près		Magn		très
près		Magn		tout
propre		Magn		très
propre		Magn		comme un sou neuf
propre		Magn		impeccable
propre		Magn		plus blanc que blanc
ressembler		Magn		pas mal
ressembler		Magn		quelque peu
ressembler		Magn		beaucoup
ressembler		Magn		vraiment
ressembler		Magn		fort
ressembler		Magn		drôlement
ressembler		Magn		fortement
ressembler		Magn		étonnamment
ressembler		Magn		singulièrement
ressembler		Magn		diablement
ressembler		Magn		bougrement
ressembler		Magn		à s’y méprendre
ressembler		Magn		énormément
ressembler		Magn		furieusement
ressembler		Magn		terriblement
ressembler		Magn		exactement
ressembler		Magn		parfaitement
ressembler		Magn		en tous points
ressembler		Magn		comme un frère
ressembler		Magn		comme une sœur
rire		Magn		à gorge déployée
ronfler		Magn		bruyamment
ronfler		Magn		fort
ronfler		Magn		comme un sonneur
rouge		Magn		ardent
rouge		Magn		brillant
rouge		Magn		vif
rouge		Magn		foncé
rouge		Magn		sombre
rouge		Magn		ardent
rouge		Magn		brillant
rouge		Magn		vif
rouge		Magn		foncé
rouge		Magn		sombre
sale		Magn		bien
sale		Magn		très
sale		Magn		cracra
sale		Magn		crade
sale		Magn		cradingue
sale		Magn		crado
sale		Magn		cradoque
sale		Magn		crasseux
sale		Magn		dégueu
sale		Magn		dégueulasse
sale		Magn		comme un cochon
sale		Magn		comme un peigne
sale		Magn		comme un porc
sale		Magn		comme un pou
sale		Magn		comme une truie
sale		Magn		de la tête aux pieds
silence		Magn		de plomb
similaire		Magn		relativement
similaire		Magn		très
similaire		Magn		sensiblement
similaire		Magn		exactement
similaire		Magn		identique
ski		Magn		grand
ski		Magn		long
sommeil		Magn		profond
sommeil		Magn		de plomb
sommeil		Magn		lourd
sommeil		Magn		sans rêves
surveiller		Magn		étroitement
tempête		Magn		gros
tempête		Magn		fort
tempête		Magn		violent
tempête		Magn		terrible
tempête		Magn		effroyable
tempête		Magn		furieux
toilette		Magn		grand
tonnerre		Magn		assourdissant
tonnerre		Magn		épouvantable
vent		Magn		fort
vent		Magn		grand
vent		Magn		soutenu
vent		Magn		puissant
vent		Magn		terrible
vent		Magn		violent
vent		Magn		furieux
vent		Magn		impétueux
vent		Magn		à décorner les bœufs
vent		Magn		à décorner les cocus
vent		Magn		ouragan
vent		Magn		tempête
vent		Magn		tourmente
vent		Magn		typhon
vent		Magn		cyclone
vin		Magn		charpenté
vin		Magn		fort
vin		Magn		vineux
vingtaine		Magn		bon
vingtaine		Magn		gros
vite		Magn		plus _V que la musique
vite		Magn		ventre à terre
bien		Magn		grand
bien		Magn		immense
bien		Magn		fou
avocat		Magn		grand
avocat		Magn		ardent
avocat		Magn		fervent
aplatir		Magn		comme une crêpe
nager		Magn		complètement
torchon		Magn		vrai
blesser		Magn		profondément
assis		Magn		bien
assis		Magn		solidement
faim		Magn		de loup
aboyer		Magn		furieusement
aboyer		Magn		férocement
dégoût		Magn		profond
chien		Magn		sale
cinéma		Magn		vrai
klaxon		Magn		fort
ennemi		Magn		juré
ennemi		Magn		farouche
ennemi		Magn		pire
enveloppe		Magn		gros
enveloppe		Magn		important
ami		Magn		grand
ami		Magn		fervent
goût		Magn		aiguisé
goût		Magn		développé
goût		Magn		boulimie
coup de soleil		Magn		fameux
coup de soleil		Magn		gros
coup de soleil		Magn		méchant
coup de soleil		Magn		sacré
coup de soleil		Magn		sérieux
coup de soleil		Magn		vilain
crime		Magn		affreux
crime		Magn		brutal
crime		Magn		horrible
crime		Magn		atroce
crime		Magn		abominable
crime		Magn		inqualifiable
crime		Magn		odieux
crime		Magn		sordide
crime		Magn		contre nature
crime		Magn		du siècle
criminel		Magn		grand
criminel		Magn		tout à fait
criminel		Magn		parfaitement
tir		Magn		puissant
aplatir		Magn		comme une crêpe
vache		Magn		sale
addition		Magn		coup de fusil
chant		Magn		puissant
lettre		Magn		long
analogue		Magn		exactement
analogue		Magn		parfaitement
analogue		Magn		équivalent
analogue		Magn		identique
fâché		Magn		hors de ses gonds
boire		Magn		beaucoup
boire		Magn		sec
boire		Magn		trop
boire		Magn		à tire-larigot
boire		Magn		comme un trou
boire		Magn		jusqu’à plus soif
éclairant		Magn		aveuglant
éclairant		Magn		éblouissant
ego		Magn		surdimensionné
allonger		Magn		démesurément
flot		Magn		geyser
flot		Magn		torrent
lac		Magn		mer
lac		Magn		océan
doucement		Magn		tout doux
fâcher		Magn		tout rouge
fou		Magn		à lier
franchement		Magn		très
franchement		Magn		en tout [Y]
malade		Magn		comme un chien
malade		Magn		à crever
intensité		Magn		fort
similarité		Magn		grand
similarité		Magn		frappant
torché		Magn		bien
gagner		Magn		haut la main
surveillance		Magn		étroit
surveillé		Magn		étroitement
ronflement		Magn		bruyant
ronflement		Magn		sonore
chiffre		Magn		élevé
propre		Magn		plus blanc que blanc
piano		Magn		pianissimo
savon		Magn		mémorable
savon		Magn		sacré
nombre		Magn		grand
nombre		Magn		élevé
nombre		Magn		bon
figure		Magn		emblématique
figure		Magn		éminent
figure		Magn		grand
figure		Magn		illustre
figure		Magn		marquant
veste		Magn		sacré
veste		Magn		gros
veste		Magn		bon
veste		Magn		sévère
veste		Magn		terrible
veste		Magn		mémorable
veste		Magn		cuisant
veste		Magn		humiliant
veste		Magn		bide
veste		Magn		déculottée
veste		Magn		branlée
marche		Magn		rapide
long		Magn		tout en longueur
avoir		Magn		bien
avoir		Magn		complètement
mère		Magn		notre _N à tous
fatigué		Magn		épuisé
veste		Magn		sacré
veste		Magn		gros
veste		Magn		humiliant
veste		Magn		mémorable
coup de fouet		Magn		sacré
numéro		Magn		fameux
numéro		Magn		sacré
numéro		Magn		drôle
sale		Magn		crade
sale		Magn		crado
sale		Magn		cradoque
sale		Magn		crasseux
sale		Magn		dégueulasse
sale		Magn		dégueu
sale		Magn		crasseux
sale		Magn		crado
sale		Magn		cracra
sale		Magn		cradingue
sale		Magn		craspec
sale		Magn		crade
sale		Magn		cradoque
sale		Magn		dégueulasse
sale		Magn		dégueu
laver		Magn		de la tête aux pieds
rapide		Magn		bien
rapide		Magn		très
rapidement		Magn		à la vitesse de [Y]
sale		Magn		cracra
sale		Magn		crade
sale		Magn		cradingue
sale		Magn		crado
sale		Magn		cradoque
sale		Magn		dégueulasse
sale		Magn		dégueu
sale		Magn		crade
sale		Magn		cradingue
sale		Magn		crado
sale		Magn		cradoque
sale		Magn		craspec
sale		Magn		dégueulasse
sale		Magn		dégueu
continent		Magn		immense
continent		Magn		vaste
toilette		Magn		grand
insecte		Magn		sale
insecte		Magn		sacré
insecte		Magn		satané
cousin		Magn		proche
dizaine		Magn		bon
dizaine		Magn		gros
analogue		Magn		exact
route		Magn		long
corbeau		Magn		sale
fond		Magn		fin
à ravir		Magn		bien
père		Magn		vrai
mère		Magn		vrai
sale		Magn		cracra
sale		Magn		crade
sale		Magn		cradingue
sale		Magn		crado
sale		Magn		cradoque
sale		Magn		craspec
sale		Magn		dégueulasse
sale		Magn		dégueu
boucher		Magn		sanguinaire
mille		Magn		mille et un
alcool		Magn		fort
alcool		Magn		à ressusciter les morts
barbiche		Magn		barbe
corbeau		Magn		sinistre
triste		Magn		comme une porte de prison
corbeau		Magn		sinistre
avocate		Magn		grand
avocate		Magn		ardent
avocate		Magn		fervent
fond		Magn		fin
armé		Magn		jusqu’aux dents
boire		Magn		beaucoup
boire		Magn		sec
boire		Magn		trop
boucher		Magn		vrai
rouge		Magn		tout
rouge		Magn		cramoisi
rouge		Magn		écarlate
rouge		Magn		pourpre
tornade		Magn		violent
tornade		Magn		terrible
tornade		Magn		violent
pluie		Magn		abondant
bien		Magn		très
bien		Magn		rudement
bien		Magn		terriblement
ressemblance		Magn		grand
ressemblance		Magn		évident
ressemblance		Magn		flagrant
ressemblance		Magn		marqué
ressemblance		Magn		notable
ressemblance		Magn		parfait
ressemblance		Magn		exact
similitude		Magn		grand
similitude		Magn		parfait
similitude		Magn		complet
similitude		Magn		absolu
similitude		Magn		identité
similitude		Magn		évident
similitude		Magn		frappant
similitude		Magn		fort
similitude		Magn		flagrant
trempé		Magn		comme une soupe
sale		Magn		dégueulasse
sale		Magn		dégueu
rapide		Magn		très
tonnerre		Magn		assourdissant
tonnerre		Magn		épouvantable
éclair		Magn		vif
éclair		Magn		brillant
éclair		Magn		éblouissant
éclair		Magn		aveuglant
éclair		Magn		lumineux
tempête		Magn		gros
tempête		Magn		violent
casserole		Magn		vrai
casserole		Magn		vrai
couleur		Magn		puissant
soleil		Magn		de plomb
manger		Magn		tout cru
bien		Magn		mieux
bien		Magn		très
bien		Magn		parfaitement
bien		Magn		admirablement
bien		Magn		à merveille
bien		Magn		formidablement
bien		Magn		merveilleusement
bien		Magn		formidablement
bien		Magn		remarquablement
bien		Magn		mieux
bien		Magn		meilleur
bien		Magn		très
tornade		Magn		violent
chiffon		Magn		vrai
assis		Magn		bien
assis		Magn		solidement
ennuyeux		Magn		comme la pluie
allonger		Magn		considérablement
allonger		Magn		indéfiniment
intéresser		Magn		passionner
vache		Magn		gros
intéressant		Magn		passionnant
ressemblance		Magn		singulier
ressemblance		Magn		évident
ressemblance		Magn		frappant
ressemblance		Magn		fort
ressemblance		Magn		marqué
ressemblance		Magn		profond
ressemblance		Magn		incontestable
ressemblance		Magn		incroyable
ressemblance		Magn		fou
ressemblance		Magn		extraordinaire
ressemblance		Magn		parfait
ressemblance		Magn		portrait
ressembler		Magn		drôlement
ressembler		Magn		vraiment
ressembler		Magn		à s’y méprendre
ressembler		Magn		furieusement
ressembler		Magn		vraiment
ressembler		Magn		pas mal
ressembler		Magn		quelque peu
ressembler		Magn		beaucoup
ressembler		Magn		vraiment
ressembler		Magn		fort
ressembler		Magn		drôlement
ressembler		Magn		étonnamment
ressembler		Magn		à s’y méprendre
ressembler		Magn		énormément
ressembler		Magn		furieusement
ressembler		Magn		terriblement
ressembler		Magn		comme un frère
ressembler		Magn		comme une sœur
allonger		Magn		considérablement
tempête		Magn		gros
tempête		Magn		fort
tempête		Magn		violent
tempête		Magn		terrible
tempête		Magn		effroyable
tempête		Magn		furieux
tempête		Magn		violent
bouffer		Magn		tout cru
analogie		Magn		singulier
analogie		Magn		frappant
analogie		Magn		saisissant
analogie		Magn		évident
analogie		Magn		fort
analogie		Magn		remarquable
analogie		Magn		profond
analogie		Magn		grand
analogie		Magn		étroit
analogie		Magn		absolu
analogie		Magn		complet
analogie		Magn		parfait
allonger		Magn		indéfiniment
rouge		Magn		tout
rouge		Magn		comme un coq
rouge		Magn		comme un coquelicot
rouge		Magn		comme un homard
rouge		Magn		comme une écrevisse
rouge		Magn		comme une pivoine
rouge		Magn		comme une tomate
rouge		Magn		cramoisi
rouge		Magn		écrevisse
rouge		Magn		pourpre
rouge		Magn		rougeaud
rouge		Magn		rubicond
rouge		Magn		écarlate
rouge		Magn		sanguin
longueur		Magn		grand
longueur		Magn		grand
longueur		Magn		grand
triste		Magn		à pleurer
rapide		Magn		bien
rapide		Magn		très
rapide		Magn		comme l’éclair
rapide		Magn		comme le vent
juste bon		Magn		tout
tailler en pièces		Magn		critiquer
emporter		Magn		comme une soupe au lait
franc		Magn		très
sommeil		Magn		très
sommeil		Magn		vraiment
sommeil		Magn		profond
sommeil		Magn		de plomb
sommeil		Magn		lent
sommeil		Magn		lourd
sommeil		Magn		profond
coma		Magn		profond
pioncer		Magn		comme un sonneur
pioncer		Magn		comme un loir
près		Magn		tout
près		Magn		bien
près		Magn		tout
près		Magn		très
proche		Magn		très
vite		Magn		plus _V que la musique
rapide		Magn		très
chaleur		Magn		fort
chaleur		Magn		intense
chaleur		Magn		intense
geler		Magn		geler les fesses
tomber		Magn		comme des mouches
proche		Magn		très
loin		Magn		bien
loin		Magn		très
maladie		Magn		vrai
maladie		Magn		grave
loin		Magn		bien
loin		Magn		très
loin		Magn		trop
maladie		Magn		vrai
vermisseau		Magn		ver
malade		Magn		complètement
vaguelette		Magn		vague
étonné		Magn		bouche bée
cuisine		Magn		sacré
ridule		Magn		ride
garantir		Magn		sur facture
doux		Magn		tout doux
con		Magn		connard
barber		Magn		comme un rat mort
loup de mer		Magn		vieux
blesser		Magn		profondément
mélancolie		Magn		sombre
frisson		Magn		grand
bronchite		Magn		grave
bronchite		Magn		gros
bronchite		Magn		sévère
ronflement		Magn		bruyant
ronflement		Magn		sonore
excentricité		Magn		fort
galérer		Magn		à mort
descente		Magn		drôle
descente		Magn		bon
descente		Magn		sacré
lié		Magn		solidement
lié		Magn		étroitement
insolation		Magn		vif
pédé		Magn		comme un phoque
chargé		Magn		surchargé
à propos		Magn		fort
à propos		Magn		très
mal à propos		Magn		fort
mal à propos		Magn		très
occupé		Magn		ne pas avoir une minute à soi
bilan		Magn		approfondi
bilan		Magn		complexe
bilan		Magn		précis
bilan		Magn		complet
bilan		Magn		détaillé
bilan		Magn		détaillé
bilan		Magn		lourd
penchant		Magn		boulimie
				
				
source form		lf label		target form
affiche		AntiMagn		affichette
analogie		AntiMagn		vague
arbre		AntiMagn		arbuste
arbre		AntiMagn		arbrisseau
averse		AntiMagn		petit
averse		AntiMagn		léger
averse		AntiMagn		faible
barbe		AntiMagn		court
barbe		AntiMagn		barbiche
barbe		AntiMagn		barbichette
bière		AntiMagn		léger
bruit		AntiMagn		étouffé
bruit		AntiMagn		sourd
camion		AntiMagn		camionnette
chanter		AntiMagn		à mi-voix
chanter		AntiMagn		bas
chanter		AntiMagn		fredonner
chanter		AntiMagn		chantonner
cheveu		AntiMagn		clairsemé
cheveu		AntiMagn		rare
cigare		AntiMagn		petit
cigare		AntiMagn		cigarillo
corps		AntiMagn		petit
corps		AntiMagn		menu
corps		AntiMagn		minuscule
couleur		AntiMagn		clair
couleur		AntiMagn		pâle
délai		AntiMagn		bref
délinquance		AntiMagn		petit
douzaine		AntiMagn		petit
fesse		AntiMagn		plat
fesse		AntiMagn		petit
frisson		AntiMagn		petit
ivre		AntiMagn		légèrement
ivre		AntiMagn		éméché
ivre		AntiMagn		pompette
magnifique		AntiMagn		beau
maison		AntiMagn		petit
maison		AntiMagn		maisonnette
maladie		AntiMagn		bénin
maladie		AntiMagn		curable
maladie		AntiMagn		guérissable
millier		AntiMagn		petit
navire		AntiMagn		petit
navire		AntiMagn		coquille de noix
nez		AntiMagn		petit
nez		AntiMagn		fin
orage		AntiMagn		petit
pluie		AntiMagn		fin
pluie		AntiMagn		petit
pluie		AntiMagn		léger
pluie		AntiMagn		bruine
pluie		AntiMagn		crachin
règle		AntiMagn		réglette
ressembler		AntiMagn		de loin
ressembler		AntiMagn		vaguement
ressembler		AntiMagn		peu
ressembler		AntiMagn		en rien
ressembler		AntiMagn		aucunement
ressembler		AntiMagn		en aucune façon
ressembler		AntiMagn		en aucune manière
ressembler		AntiMagn		du tout
ressembler		AntiMagn		nullement
ride		AntiMagn		ridule
rouge		AntiMagn		un peu
rouge		AntiMagn		rougeâtre
rouge		AntiMagn		clair
rouge		AntiMagn		pâle
rouge		AntiMagn		clair
rouge		AntiMagn		pâle
similaire		AntiMagn		peu
similaire		AntiMagn		plus ou moins
similaire		AntiMagn		superficiellement
ski		AntiMagn		court
ski		AntiMagn		petit
ski		AntiMagn		miniski
sommeil		AntiMagn		léger
tempête		AntiMagn		petit
tête		AntiMagn		petit
toilette		AntiMagn		de chat
toilette		AntiMagn		léger
toilette		AntiMagn		superficiel
tonnerre		AntiMagn		sourd
tornade		AntiMagn		petit
tornade		AntiMagn		mini
vague		AntiMagn		vaguelette
vent		AntiMagn		léger
vent		AntiMagn		faible
vent		AntiMagn		modéré
vent		AntiMagn		petit
vent		AntiMagn		calme
vin		AntiMagn		léger
vingtaine		AntiMagn		petit
musique		AntiMagn		petit
voler		AntiMagn		voleter
voler		AntiMagn		voleter
aboyer		AntiMagn		faiblement
aboyer		AntiMagn		sourdement
aboyer		AntiMagn		japper
enveloppe		AntiMagn		petit
enveloppe		AntiMagn		réduit
coup de soleil		AntiMagn		léger
coup de soleil		AntiMagn		petit
flotte		AntiMagn		flottille
chant		AntiMagn		doux
cheveu		AntiMagn		rare
poitrine		AntiMagn		petit
poitrine		AntiMagn		plat
poitrine		AntiMagn		menu
poitrine		AntiMagn		œufs au plat
visite		AntiMagn		petit
grand		AntiMagn		comme un mouchoir de poche
ver		AntiMagn		vermisseau
gagner		AntiMagn		dans un mouchoir de poche
chiffre		AntiMagn		bas
savon		AntiMagn		savonnette
nombre		AntiMagn		petit
marche		AntiMagn		lent
rapide		AntiMagn		peu
toilette		AntiMagn		brin
cousin		AntiMagn		éloigné
cousin		AntiMagn		lointain
tirer un coup		AntiMagn		petit
dizaine		AntiMagn		petit
nez		AntiMagn		fin
tornade		AntiMagn		petit
tornade		AntiMagn		mini
tornade		AntiMagn		petit
tornade		AntiMagn		mini
tornade		AntiMagn		mini
tornade		AntiMagn		petit
bien		AntiMagn		assez
bien		AntiMagn		moyennement
ressemblance		AntiMagn		lointain
ressemblance		AntiMagn		superficiel
gratter		AntiMagn		gratouiller
bien		AntiMagn		passablement
ressemblance		AntiMagn		lointain
ressemblance		AntiMagn		léger
ressemblance		AntiMagn		vague
ressemblance		AntiMagn		pâle
ressembler		AntiMagn		peu
ressembler		AntiMagn		vaguement
ressembler		AntiMagn		de loin
ressembler		AntiMagn		en rien
ressembler		AntiMagn		aucunement
ressembler		AntiMagn		du tout
pièce		AntiMagn		piécette
tempête		AntiMagn		petit
bouchon		AntiMagn		léger
rapide		AntiMagn		moyennement
rapide		AntiMagn		peu
sommeil		AntiMagn		léger
frisson		AntiMagn		petit
excentricité		AntiMagn		petit
excentricité		AntiMagn		faible
excentricité		AntiMagn		léger
bilan		AntiMagn		partiel
				
				
source form		lf label		target form
averse		Func_0		tomber
cadavre		Func_0		reposer
cadavre		Func_0		gésir
éclair		Func_0		produire
éclair		Func_0		briller
éclair		Func_0		luire
être		Func_0		être
fleuve		Func_0		couler
lac		Func_0		étendre
lac		Func_0		étaler
neige		Func_0		tomber
orage		Func_0		gronder
pluie		Func_0		tomber
pouls		Func_0		battre
pouls		Func_0		cogner
rivière		Func_0		couler
route		Func_0		courir
tambour		Func_0		résonner
tambour		Func_0		vibrer
tempête		Func_0		sévir
tempête		Func_0		souffler
tempête		Func_0		déchaîner
tempête		Func_0		faire rage
tonnerre		Func_0		gronder
tonnerre		Func_0		rouler
tonnerre		Func_0		mugir
tornade		Func_0		frapper
tornade		Func_0		déchaîner
vent		Func_0		souffler
vent		Func_0		passer
klaxon		Func_0		retentir
klaxon		Func_0		faire entendre
course		Func_0		avoir lieu
course		Func_0		dérouler
corps		Func_0		reposer
corps		Func_0		gésir
train		Func_0		flotter
laser		Func_0		pousser
lessive		Func_0		tourner
marche		Func_0		avoir lieu
lac		Func_0		étendre
lac		Func_0		répandre
rivière		Func_0		étendre
tornade		Func_0		frapper
tornade		Func_0		déchaîner
averse		Func_0		tomber
pluie		Func_0		tomber
pluie		Func_0		tomber
vent		Func_0		souffler
vent		Func_0		passer
éclair		Func_0		luire
désert		Func_0		étendre
coup		Func_0		retentir
repas		Func_0		avoir lieu
tempête		Func_0		faire rage
visite		Func_0		avoir lieu
visite		Func_0		dérouler
bise		Func_0		souffler
cadavre		Func_0		reposer
cadavre		Func_0		gésir
avalanche		Func_0		avoir lieu
avalanche		Func_0		produire
petite souris		Func_0		passer
				
